5,0,222
5,0,466
5,1,7
5,1,86
5,1,132
5,1,209
5,1,365
5,1,435
5,1,532
5,1,539
5,1,563
5,2,94
5,2,204
5,2,495
5,2,503
5,3,74
5,3,251
5,3,291
5,3,321
5,3,404
5,3,441
5,3,534
5,3,541
5,4,186
5,4,225
5,4,352
5,4,455
5,4,521
5,5,42
5,5,88
5,5,96
5,5,257
5,5,298
5,5,305
5,5,363
5,5,412
5,5,426
5,5,445
5,6,185
5,6,215
5,6,220
5,6,322
5,6,356
5,6,369
5,6,421
5,6,436
5,6,439
5,6,445
5,7,76
5,7,98
5,7,100
5,7,203
5,7,321
5,7,345
5,7,480
5,7,552
5,7,586
5,8,208
5,9,11
5,9,304
5,9,333
5,9,345
5,9,365
5,9,422
5,9,574
5,10,81
5,10,225
5,10,494
5,10,535
5,10,591
5,11,331
5,11,383
5,11,500
5,11,562
5,12,19
5,12,33
5,12,219
5,12,324
5,12,422
5,12,446
5,12,550
5,13,10
5,13,134
5,13,195
5,13,197
5,13,211
5,13,239
5,13,256
5,13,371
5,13,401
5,13,516
5,13,553
5,14,409
5,14,488
5,14,497
5,14,512
5,14,514
5,15,67
5,15,276
5,15,424
5,15,516
5,16,4
5,16,20
5,16,53
5,16,85
5,16,225
5,16,303
5,16,414
5,16,423
5,16,484
5,16,588
5,17,21
5,17,161
5,17,175
5,17,192
5,17,446
5,17,455
5,17,463
5,17,541
5,18,106
5,18,184
5,18,244
5,18,342
5,18,347
5,18,409
5,18,556
5,19,60
5,19,94
5,19,187
5,19,203
5,19,383
5,19,465
5,19,511
5,19,520
5,19,538
5,20,267
5,20,317
5,20,468
5,20,527
5,21,48
5,21,200
5,21,287
5,21,409
5,21,453
5,21,464
5,21,473
5,21,497
5,21,594
5,22,0
5,22,49
5,22,125
5,22,280
5,22,324
5,23,28
5,23,107
5,23,198
5,23,281
5,23,287
5,23,397
5,23,531
5,24,185
5,24,199
5,24,335
5,24,384
5,24,482
5,24,530
5,25,101
5,25,153
5,25,298
5,25,560
5,25,582
5,26,279
5,26,415
5,26,435
5,26,464
5,26,479
5,26,494
5,26,539
5,27,203
5,27,240
5,27,433
5,27,438
5,27,441
5,27,493
5,27,512
5,28,156
5,28,185
5,28,276
5,28,322
5,28,342
5,28,530
5,28,546
5,28,576
5,29,144
5,29,193
5,29,294
5,29,302
5,29,315
5,29,420
5,29,577
5,30,15
5,30,224
5,30,228
5,30,300
5,30,343
5,30,543
5,30,563
5,31,85
5,31,408
5,32,13
5,32,213
5,32,439
5,32,565
5,32,591
5,32,593
5,33,313
5,33,374
5,33,502
5,33,529
5,33,545
5,34,82
5,34,254
5,34,358
5,34,551
5,35,30
5,35,200
5,35,223
5,35,224
5,35,406
5,36,4
5,36,34
5,36,90
5,36,147
5,36,190
5,36,250
5,36,258
5,36,421
5,36,582
5,36,584
5,37,125
5,37,191
5,37,322
5,37,440
5,37,441
5,37,533
5,38,214
5,38,440
5,39,0
5,39,21
5,39,90
5,39,229
5,39,397
5,39,431
5,39,495
5,39,557
5,39,576
5,40,58
5,40,74
5,40,99
5,40,175
5,40,261
5,40,299
5,40,306
5,40,317
5,40,360
5,40,419
5,40,424
5,40,505
5,41,189
5,41,299
5,41,416
5,41,479
5,41,495
5,41,544
5,41,576
5,42,67
5,42,83
5,42,109
5,42,196
5,42,216
5,43,231
5,43,357
5,43,586
5,44,461
5,45,141
5,45,249
5,45,259
5,45,578
5,46,200
5,46,220
5,46,302
5,46,320
5,46,362
5,46,455
5,46,596
5,47,242
5,47,397
5,47,405
5,48,88
5,48,123
5,48,306
5,48,326
5,48,370
5,48,485
5,48,508
5,49,59
5,49,98
5,49,145
5,49,372
5,49,437
5,49,533
5,49,553
5,50,35
5,50,48
5,50,194
5,50,258
5,50,264
5,51,25
5,51,186
5,51,356
5,51,414
5,52,363
5,53,33
5,53,176
5,53,410
5,53,463
5,54,142
5,54,202
5,54,223
5,54,351
5,54,400
5,54,430
5,54,523
5,55,439
5,55,474
5,55,580
5,56,10
5,56,44
5,56,55
5,56,363
5,56,441
5,56,517
5,57,30
5,57,104
5,57,170
5,57,252
5,57,362
5,57,375
5,57,485
5,57,588
5,58,44
5,58,66
5,58,246
5,58,295
5,58,339
5,58,340
5,58,347
5,58,398
5,58,578
5,59,57
5,59,136
5,59,200
5,59,221
5,59,223
5,59,258
5,59,279
5,59,337
5,59,420
5,59,487
5,59,559
5,60,26
5,60,190
5,60,208
5,60,232
5,60,277
5,60,462
5,61,45
5,61,158
5,61,174
5,61,242
5,62,130
5,62,172
5,62,224
5,62,257
5,62,415
5,62,433
5,62,535
5,62,552
5,62,562
5,63,109
5,63,373
5,63,410
5,63,507
5,64,40
5,64,66
5,64,75
5,64,97
5,64,188
5,64,289
5,64,292
5,65,22
5,65,255
5,65,267
5,65,280
5,65,281
5,65,505
5,66,38
5,66,91
5,66,186
5,66,217
5,66,322
5,66,402
5,67,161
5,67,191
5,67,223
5,67,330
5,67,355
5,67,428
5,67,571
5,68,37
5,68,140
5,68,221
5,68,381
5,68,504
5,68,552
5,68,579
5,69,60
5,69,135
5,69,166
5,69,392
5,69,541
5,70,4
5,70,128
5,70,233
5,70,261
5,70,274
5,70,326
5,70,346
5,70,387
5,70,530
5,70,544
5,70,561
5,71,101
5,71,188
5,71,190
5,71,270
5,71,377
5,71,409
5,71,441
5,71,493
5,71,541
5,72,149
5,72,177
5,72,339
5,72,441
5,72,515
5,73,6
5,74,81
5,74,89
5,74,173
5,74,240
5,74,260
5,74,267
5,74,275
5,74,592
5,75,15
5,75,57
5,75,151
5,75,337
5,75,432
5,76,2
5,76,58
5,76,206
5,76,316
5,76,336
5,76,555
5,77,3
5,77,178
5,77,316
5,77,318
5,77,391
5,78,5
5,78,13
5,78,117
5,78,154
5,78,295
5,78,361
5,78,363
5,78,581
5,79,73
5,79,139
5,79,199
5,79,266
5,79,417
5,79,480
5,79,481
5,79,543
5,80,122
5,80,242
5,80,482
5,81,10
5,81,119
5,81,183
5,81,192
5,81,200
5,81,217
5,81,255
5,81,300
5,81,391
5,81,491
5,81,581
5,82,221
5,82,273
5,82,420
5,82,469
5,83,24
5,83,170
5,83,188
5,83,205
5,83,346
5,83,350
5,83,378
5,83,382
5,83,387
5,83,421
5,83,500
5,83,539
5,84,182
5,84,284
5,84,341
5,84,597
5,85,93
5,85,140
5,85,487
5,85,536
5,86,170
5,86,174
5,86,214
5,87,4
5,87,81
5,87,169
5,87,200
5,87,260
5,87,573
5,88,326
5,89,6
5,89,75
5,89,226
5,89,527
5,89,552
5,90,102
5,90,502
5,91,55
5,91,102
5,91,150
5,91,162
5,91,388
5,91,406
5,91,408
5,91,446
5,92,2
5,92,124
5,92,363
5,92,412
5,92,462
5,92,492
5,92,514
5,92,520
5,92,585
5,93,301
5,93,367
5,93,484
5,93,547
5,94,592
5,94,597
5,95,39
5,95,123
5,95,153
5,95,162
5,95,240
5,95,344
5,95,372
5,95,504
5,96,71
5,96,100
5,96,254
5,96,313
5,96,343
5,96,397
5,96,539
5,96,565
5,97,61
5,97,95
5,97,134
5,97,156
5,97,190
5,97,552
5,97,580
5,97,588
5,98,22
5,98,105
5,98,216
5,98,338
5,98,493
5,98,581
5,98,587
5,99,119
5,99,333
5,99,337
5,99,356
5,99,399
5,99,407
5,99,431
5,99,494
5,100,19
5,100,117
5,100,133
5,100,229
5,100,518
5,101,117
5,101,206
5,101,244
5,101,273
5,102,1
5,102,3
5,102,18
5,102,71
5,102,148
5,102,319
5,102,326
5,102,330
5,102,449
5,102,484
5,103,64
5,103,202
5,103,228
5,103,312
5,103,422
5,103,484
5,103,510
5,104,48
5,104,92
5,104,94
5,104,170
5,104,336
5,104,355
5,104,393
5,104,423
5,105,66
5,105,76
5,105,272
5,105,438
5,105,447
5,105,496
5,105,515
5,106,11
5,106,123
5,106,165
5,106,288
5,106,305
5,106,306
5,106,413
5,106,448
5,106,591
5,107,70
5,107,324
5,107,428
5,107,475
5,108,104
5,108,168
5,108,191
5,108,228
5,108,376
5,108,507
5,109,50
5,109,73
5,109,177
5,109,223
5,109,349
5,109,442
5,109,529
5,109,564
5,109,581
5,109,599
5,110,43
5,110,60
5,110,85
5,110,98
5,110,158
5,110,252
5,110,308
5,110,313
5,110,326
5,110,399
5,110,586
5,111,16
5,111,115
5,111,186
5,111,249
5,111,261
5,111,307
5,111,331
5,112,90
5,112,218
5,112,250
5,112,374
5,112,449
5,112,554
5,113,23
5,113,44
5,113,267
5,113,465
5,113,536
5,114,203
5,114,238
5,114,296
5,114,320
5,114,365
5,114,433
5,114,494
5,115,52
5,115,207
5,115,212
5,115,319
5,115,407
5,115,473
5,115,512
5,115,548
5,115,575
5,115,592
5,116,131
5,116,178
5,116,397
5,117,270
5,117,307
5,117,378
5,117,526
5,118,194
5,118,292
5,118,496
5,119,121
5,119,259
5,119,570
5,120,1
5,120,150
5,120,204
5,120,271
5,120,355
5,120,456
5,120,517
5,120,550
5,120,575
5,121,15
5,121,61
5,121,75
5,121,162
5,121,531
5,122,170
5,122,185
5,122,188
5,122,191
5,122,287
5,122,480
5,122,527
5,122,570
5,122,596
5,123,15
5,123,80
5,123,121
5,123,209
5,123,216
5,123,293
5,123,302
5,123,321
5,123,453
5,123,477
5,124,11
5,124,238
5,124,263
5,124,336
5,124,353
5,124,467
5,124,521
5,125,34
5,125,40
5,125,139
5,125,185
5,125,480
5,126,92
5,126,101
5,126,142
5,126,335
5,126,529
5,126,578
5,127,9
5,127,42
5,127,56
5,127,75
5,127,177
5,127,178
5,127,389
5,127,429
5,128,12
5,128,217
5,128,396
5,128,480
5,129,10
5,129,81
5,129,89
5,129,193
5,129,273
5,129,283
5,129,422
5,129,513
5,130,41
5,130,211
5,130,283
5,130,466
5,130,522
5,130,569
5,131,121
5,131,248
5,131,308
5,131,360
5,131,383
5,131,434
5,131,444
5,131,448
5,132,19
5,132,184
5,132,481
5,132,489
5,132,566
5,132,582
5,133,75
5,133,87
5,133,125
5,133,168
5,133,309
5,133,321
5,133,464
5,133,473
5,133,524
5,134,227
5,134,480
5,134,536
5,134,558
5,134,565
5,135,23
5,135,41
5,135,109
5,135,113
5,135,194
5,135,227
5,136,76
5,136,96
5,136,131
5,136,182
5,136,361
5,136,429
5,136,470
5,136,554
5,137,98
5,137,165
5,137,465
5,137,568
5,138,109
5,138,173
5,138,305
5,138,395
5,139,98
5,139,187
5,139,399
5,139,468
5,140,137
5,140,165
5,140,217
5,140,241
5,140,288
5,140,421
5,140,453
5,140,524
5,140,529
5,140,594
5,141,29
5,141,34
5,141,198
5,141,241
5,141,279
5,141,294
5,141,417
5,141,512
5,142,8
5,142,117
5,142,175
5,142,476
5,142,592
5,143,217
5,143,287
5,143,411
5,143,564
5,144,80
5,144,311
5,144,340
5,144,381
5,144,424
5,144,425
5,145,66
5,145,147
5,145,163
5,145,172
5,145,268
5,145,414
5,145,574
5,146,86
5,146,227
5,147,157
5,147,242
5,147,339
5,147,345
5,148,19
5,148,48
5,148,78
5,148,220
5,148,224
5,148,264
5,148,296
5,148,426
5,148,572
5,149,171
5,149,328
5,149,542
5,149,551
5,149,584
5,149,586
5,150,242
5,150,572
5,151,51
5,151,260
5,152,11
5,152,357
5,152,596
5,153,169
5,153,473
5,153,486
5,153,556
5,153,557
5,153,566
5,154,87
5,154,96
5,154,192
5,154,350
5,154,541
5,154,542
5,155,19
5,155,93
5,155,160
5,155,192
5,155,454
5,155,497
5,156,44
5,156,93
5,156,341
5,156,435
5,156,524
5,156,572
5,157,317
5,157,321
5,157,486
5,158,157
5,158,170
5,158,246
5,158,473
5,159,27
5,159,46
5,159,123
5,159,142
5,159,321
5,159,374
5,159,407
5,159,445
5,159,562
5,160,80
5,160,128
5,160,171
5,160,250
5,160,460
5,160,592
5,161,51
5,161,276
5,161,444
5,162,83
5,162,93
5,162,137
5,162,270
5,162,349
5,162,394
5,162,451
5,163,27
5,163,164
5,163,255
5,163,324
5,163,465
5,163,483
5,164,132
5,164,432
5,164,547
5,164,582
5,165,48
5,165,327
5,165,355
5,165,592
5,166,60
5,166,71
5,166,80
5,166,103
5,166,167
5,166,174
5,166,178
5,166,225
5,166,242
5,166,283
5,166,577
5,167,44
5,167,51
5,167,153
5,167,154
5,167,164
5,167,169
5,167,281
5,167,454
5,167,465
5,167,534
5,167,580
5,168,14
5,168,46
5,168,51
5,168,250
5,168,414
5,168,528
5,169,271
5,169,399
5,170,11
5,170,41
5,170,303
5,170,329
5,170,378
5,170,480
5,170,545
5,171,115
5,171,152
5,171,174
5,171,254
5,171,271
5,171,402
5,171,426
5,171,553
5,172,108
5,172,298
5,172,311
5,172,322
5,172,362
5,172,452
5,173,6
5,173,16
5,173,164
5,173,189
5,173,225
5,173,320
5,173,345
5,173,419
5,173,486
5,173,513
5,173,582
5,174,127
5,174,144
5,174,264
5,174,435
5,174,436
5,174,555
5,175,44
5,175,113
5,175,185
5,175,207
5,175,237
5,175,327
5,176,14
5,176,210
5,176,230
5,176,244
5,176,362
5,176,394
5,176,414
5,176,425
5,176,455
5,176,459
5,176,533
5,177,4
5,177,34
5,177,106
5,177,139
5,177,189
5,177,347
5,177,507
5,178,113
5,178,164
5,178,192
5,178,249
5,178,266
5,178,293
5,178,427
5,179,55
5,179,118
5,179,133
5,179,163
5,179,354
5,179,392
5,179,540
5,179,574
5,179,593
5,180,10
5,180,72
5,180,245
5,180,337
5,180,410
5,180,432
5,180,492
5,181,257
5,181,562
5,182,26
5,182,109
5,182,166
5,182,172
5,182,279
5,182,477
5,183,106
5,183,240
5,183,354
5,183,358
5,183,422
5,183,491
5,184,89
5,184,96
5,184,270
5,185,45
5,185,181
5,185,193
5,185,264
5,185,312
5,185,458
5,186,35
5,186,154
5,186,330
5,186,338
5,186,411
5,186,438
5,186,462
5,187,66
5,187,69
5,187,128
5,187,152
5,187,310
5,187,462
5,187,511
5,188,184
5,188,225
5,188,245
5,188,369
5,188,401
5,188,454
5,188,551
5,188,572
5,189,78
5,189,272
5,189,335
5,189,469
5,189,544
5,189,568
5,190,37
5,190,47
5,190,76
5,190,125
5,190,129
5,190,280
5,190,281
5,190,301
5,190,402
5,190,475
5,190,589
5,191,3
5,191,87
5,191,93
5,191,208
5,191,250
5,191,263
5,191,270
5,191,358
5,191,446
5,191,529
5,192,183
5,192,232
5,192,240
5,192,291
5,192,292
5,192,362
5,192,506
5,192,584
5,193,204
5,193,289
5,193,330
5,193,381
5,193,422
5,194,0
5,194,221
5,194,229
5,194,268
5,194,397
5,194,484
5,194,505
5,195,28
5,195,36
5,195,178
5,195,271
5,195,319
5,195,568
5,196,63
5,196,150
5,196,170
5,196,247
5,196,416
5,196,582
5,197,112
5,197,267
5,197,329
5,197,471
5,198,260
5,198,304
5,198,314
5,198,380
5,198,533
5,198,534
5,198,588
5,198,590
5,198,598
5,199,410
5,199,485
5,199,518
5,199,577
5,199,578
5,200,41
5,200,106
5,200,124
5,200,201
5,200,279
5,200,379
5,200,538
5,201,100
5,201,426
5,201,452
5,202,66
5,202,273
5,202,324
5,202,349
5,203,17
5,203,118
5,203,126
5,203,329
5,203,351
5,203,396
5,203,429
5,203,496
5,203,524
5,203,527
5,204,2
5,204,98
5,204,99
5,204,182
5,204,320
5,204,405
5,204,555
5,205,15
5,205,69
5,205,318
5,205,409
5,205,544
5,205,547
5,205,572
5,206,17
5,206,225
5,206,425
5,206,468
5,206,484
5,206,581
5,207,446
5,207,505
5,207,507
5,208,100
5,208,106
5,208,131
5,208,140
5,208,240
5,208,488
5,208,512
5,209,7
5,209,21
5,209,101
5,209,111
5,209,388
5,210,27
5,210,212
5,210,348
5,210,431
5,210,439
5,210,456
5,211,184
5,211,251
5,211,407
5,211,590
5,212,5
5,212,169
5,212,260
5,212,261
5,212,330
5,212,485
5,213,62
5,213,249
5,213,281
5,213,491
5,213,515
5,213,522
5,214,15
5,214,345
5,214,359
5,215,66
5,215,256
5,215,427
5,215,508
5,216,161
5,216,352
5,216,364
5,216,368
5,216,466
5,217,23
5,217,56
5,217,361
5,217,557
5,218,115
5,218,138
5,218,170
5,218,179
5,218,245
5,218,264
5,218,409
5,218,535
5,219,184
5,219,188
5,219,431
5,219,494
5,219,496
5,220,10
5,220,212
5,220,223
5,220,324
5,220,534
5,221,167
5,221,201
5,221,304
5,221,319
5,221,353
5,221,420
5,221,513
5,221,550
5,222,16
5,222,178
5,222,181
5,222,182
5,222,232
5,222,268
5,222,326
5,222,531
5,223,44
5,223,68
5,223,235
5,223,240
5,223,276
5,223,297
5,223,367
5,223,422
5,223,495
5,224,11
5,224,254
5,224,255
5,224,451
5,224,523
5,224,531
5,225,218
5,225,296
5,225,385
5,225,454
5,225,475
5,225,495
5,225,598
5,226,54
5,226,103
5,226,238
5,226,256
5,226,330
5,226,480
5,226,504
5,227,27
5,227,224
5,227,255
5,228,149
5,228,172
5,228,187
5,228,369
5,228,573
5,229,5
5,229,20
5,229,37
5,229,59
5,229,241
5,229,545
5,230,57
5,230,98
5,230,230
5,230,337
5,230,371
5,230,565
5,231,295
5,231,306
5,231,489
5,232,50
5,232,99
5,232,309
5,232,415
5,232,420
5,232,501
5,233,252
5,233,269
5,234,73
5,234,161
5,234,225
5,234,326
5,234,370
5,234,418
5,235,51
5,235,247
5,235,322
5,235,422
5,235,443
5,235,520
5,236,62
5,236,65
5,236,132
5,236,437
5,236,458
5,236,516
5,237,0
5,237,20
5,237,59
5,237,82
5,237,120
5,237,122
5,237,152
5,237,350
5,237,403
5,237,421
5,237,472
5,238,92
5,238,175
5,238,380
5,238,385
5,238,429
5,238,439
5,238,530
5,239,98
5,239,101
5,239,180
5,240,41
5,240,112
5,240,199
5,240,209
5,240,233
5,240,320
5,240,511
5,240,559
5,241,130
5,241,195
5,241,204
5,241,257
5,241,277
5,241,294
5,241,322
5,241,419
5,242,92
5,242,103
5,242,132
5,242,178
5,242,261
5,242,325
5,242,328
5,243,42
5,243,51
5,243,157
5,243,317
5,243,371
5,243,460
5,243,477
5,243,479
5,243,556
5,244,74
5,244,117
5,244,150
5,244,169
5,244,207
5,244,227
5,244,440
5,244,558
5,244,564
5,245,32
5,245,38
5,245,104
5,245,242
5,245,287
5,245,321
5,245,371
5,245,390
5,246,54
5,246,140
5,246,272
5,246,320
5,246,370
5,246,411
5,246,430
5,246,548
5,246,557
5,247,41
5,247,335
5,247,356
5,248,420
5,248,504
5,248,537
5,249,17
5,249,41
5,249,42
5,249,552
5,250,206
5,250,219
5,250,285
5,250,296
5,250,325
5,250,429
5,250,443
5,251,13
5,251,20
5,251,78
5,251,119
5,251,136
5,251,169
5,251,490
5,252,222
5,252,269
5,252,277
5,252,491
5,252,518
5,252,560
5,252,588
5,252,599
5,253,50
5,253,106
5,253,289
5,253,439
5,254,193
5,254,278
5,254,322
5,254,476
5,254,501
5,255,19
5,255,154
5,255,185
5,255,306
5,255,351
5,255,364
5,255,576
5,256,54
5,256,231
5,256,422
5,256,484
5,257,8
5,257,336
5,257,429
5,258,36
5,258,48
5,258,52
5,258,72
5,258,206
5,258,346
5,258,375
5,258,417
5,258,418
5,258,556
5,259,63
5,259,163
5,259,285
5,259,299
5,260,72
5,260,192
5,260,349
5,260,362
5,262,121
5,262,184
5,262,307
5,262,355
5,262,384
5,262,409
5,262,508
5,263,106
5,263,164
5,263,249
5,263,293
5,263,540
5,263,594
5,264,21
5,264,289
5,264,358
5,264,424
5,264,433
5,264,470
5,265,236
5,265,255
5,265,271
5,265,387
5,265,391
5,265,528
5,265,553
5,265,570
5,266,234
5,266,367
5,266,438
5,266,545
5,267,34
5,267,157
5,267,292
5,267,382
5,267,563
5,268,86
5,268,229
5,268,381
5,268,446
5,268,553
5,269,133
5,269,143
5,269,207
5,269,219
5,269,225
5,269,245
5,269,409
5,269,489
5,269,596
5,270,238
5,270,267
5,270,377
5,270,439
5,270,497
5,270,564
5,270,598
5,271,113
5,271,500
5,271,512
5,271,569
5,272,38
5,272,96
5,272,231
5,272,242
5,272,290
5,272,440
5,272,454
5,272,507
5,272,514
5,272,552
5,272,578
5,272,599
5,273,35
5,273,172
5,273,227
5,273,254
5,273,261
5,273,316
5,273,395
5,273,450
5,273,577
5,274,48
5,274,148
5,274,205
5,274,229
5,274,236
5,274,423
5,274,524
5,274,528
5,274,554
5,275,120
5,275,200
5,275,230
5,275,288
5,275,307
5,275,343
5,275,427
5,275,515
5,276,33
5,276,229
5,276,239
5,276,306
5,276,345
5,276,461
5,277,124
5,277,152
5,277,245
5,277,260
5,277,333
5,277,566
5,277,570
5,277,594
5,278,90
5,278,116
5,278,259
5,278,388
5,278,393
5,278,439
5,278,449
5,278,454
5,279,166
5,279,204
5,279,242
5,279,274
5,279,475
5,279,481
5,280,120
5,280,259
5,280,385
5,280,434
5,280,458
5,280,579
5,281,85
5,281,108
5,281,133
5,281,236
5,281,323
5,281,344
5,281,349
5,281,502
5,281,508
5,282,160
5,282,207
5,282,219
5,282,435
5,283,22
5,283,155
5,283,231
5,283,344
5,283,500
5,284,191
5,284,267
5,284,353
5,284,433
5,284,507
5,285,283
5,285,445
5,285,541
5,285,570
5,286,17
5,286,50
5,286,58
5,286,201
5,286,205
5,287,56
5,287,106
5,287,144
5,287,248
5,287,432
5,287,434
5,287,531
5,287,586
5,288,80
5,288,166
5,288,232
5,288,358
5,288,408
5,288,498
5,289,47
5,289,206
5,289,229
5,289,274
5,289,280
5,289,329
5,289,497
5,290,14
5,290,81
5,290,146
5,290,188
5,290,255
5,290,336
5,290,522
5,291,63
5,291,71
5,291,158
5,291,278
5,291,410
5,291,434
5,292,166
5,292,268
5,292,591
5,293,14
5,293,123
5,293,150
5,293,156
5,293,418
5,294,245
5,294,316
5,294,343
5,294,351
5,294,455
5,295,340
5,295,388
5,295,477
5,295,511
5,295,598
5,296,33
5,296,124
5,296,267
5,296,297
5,296,334
5,296,596
5,296,599
5,297,128
5,297,295
5,297,374
5,297,413
5,297,497
5,297,519
5,297,549
5,298,172
5,298,398
5,298,480
5,298,498
5,299,39
5,299,147
5,299,154
5,299,225
5,299,283
5,299,319
5,299,326
5,299,361
5,299,521
5,299,585
5,300,144
5,300,246
5,300,262
5,300,311
5,300,332
5,300,571
5,301,10
5,301,302
5,301,347
5,301,449
5,301,571
5,302,42
5,302,86
5,302,271
5,302,304
5,302,335
5,302,350
5,302,527
5,303,37
5,303,81
5,303,175
5,303,218
5,303,231
5,303,241
5,303,394
5,303,429
5,303,454
5,303,461
5,304,68
5,304,106
5,304,215
5,304,318
5,305,14
5,305,88
5,305,206
5,305,337
5,305,526
5,305,561
5,306,11
5,306,41
5,306,91
5,306,141
5,306,142
5,306,206
5,306,226
5,306,234
5,306,274
5,306,275
5,306,436
5,306,569
5,307,475
5,308,14
5,308,27
5,308,32
5,308,116
5,308,244
5,308,314
5,308,528
5,308,549
5,309,54
5,310,55
5,310,228
5,310,312
5,310,322
5,310,342
5,311,60
5,311,70
5,311,146
5,311,209
5,311,322
5,311,342
5,311,345
5,312,49
5,312,63
5,312,159
5,312,186
5,312,251
5,312,271
5,312,379
5,312,556
5,313,18
5,313,83
5,313,138
5,313,182
5,313,210
5,313,212
5,313,249
5,313,515
5,313,540
5,314,78
5,314,262
5,314,312
5,314,328
5,314,339
5,314,512
5,315,5
5,315,29
5,315,47
5,315,61
5,315,85
5,315,174
5,315,234
5,315,248
5,315,421
5,316,111
5,316,187
5,316,222
5,316,274
5,316,297
5,316,447
5,317,198
5,317,227
5,317,251
5,317,253
5,317,300
5,317,457
5,317,467
5,317,522
5,317,523
5,317,560
5,317,585
5,318,18
5,318,32
5,318,113
5,318,135
5,318,267
5,318,293
5,318,483
5,318,597
5,319,153
5,319,292
5,319,543
5,320,215
5,320,406
5,320,411
5,320,435
5,320,468
5,320,494
5,321,130
5,321,326
5,321,360
5,321,563
5,322,5
5,322,302
5,322,416
5,322,468
5,322,470
5,322,538
5,322,594
5,323,39
5,323,79
5,323,100
5,323,114
5,323,271
5,323,335
5,323,379
5,323,503
5,323,552
5,323,594
5,324,179
5,324,271
5,324,436
5,324,437
5,324,547
5,324,561
5,325,39
5,325,74
5,325,137
5,325,165
5,325,218
5,325,291
5,325,321
5,325,359
5,325,544
5,326,324
5,326,523
5,326,539
5,327,25
5,327,241
5,327,321
5,327,344
5,327,353
5,327,392
5,327,399
5,327,569
5,328,236
5,328,238
5,328,300
5,328,482
5,328,504
5,328,585
5,329,36
5,329,109
5,329,201
5,329,210
5,329,218
5,329,307
5,329,339
5,329,392
5,329,437
5,329,455
5,329,474
5,329,562
5,330,16
5,330,40
5,330,45
5,330,127
5,330,138
5,330,173
5,330,243
5,330,255
5,330,434
5,330,538
5,331,53
5,331,68
5,331,268
5,331,321
5,332,83
5,332,170
5,332,264
5,332,595
5,333,208
5,333,291
5,333,324
5,333,351
5,333,530
5,333,548
5,334,135
5,334,152
5,334,345
5,334,542
5,334,555
5,334,566
5,335,174
5,335,371
5,335,502
5,336,96
5,336,192
5,336,347
5,336,350
5,336,386
5,336,478
5,336,486
5,337,24
5,337,63
5,337,345
5,337,551
5,337,577
5,338,169
5,338,193
5,338,452
5,338,520
5,338,584
5,339,27
5,339,236
5,339,353
5,339,559
5,339,583
5,340,13
5,340,86
5,340,101
5,340,169
5,340,194
5,340,317
5,340,510
5,341,39
5,341,208
5,341,300
5,341,437
5,341,496
5,342,20
5,342,115
5,342,173
5,342,423
5,342,552
5,343,109
5,343,214
5,343,261
5,343,468
5,344,10
5,344,61
5,344,93
5,344,150
5,344,276
5,344,317
5,344,369
5,344,395
5,344,425
5,344,431
5,344,575
5,345,108
5,345,149
5,345,359
5,345,377
5,345,438
5,345,482
5,345,527
5,346,148
5,346,175
5,346,530
5,347,9
5,347,126
5,347,194
5,347,227
5,347,280
5,347,328
5,347,331
5,347,343
5,347,369
5,347,500
5,348,42
5,348,198
5,348,202
5,348,223
5,348,232
5,348,306
5,348,353
5,348,362
5,348,390
5,348,485
5,349,144
5,349,242
5,349,276
5,349,432
5,349,433
5,350,101
5,350,139
5,350,154
5,350,164
5,350,271
5,350,351
5,350,353
5,350,354
5,351,0
5,351,94
5,351,107
5,351,157
5,352,26
5,352,29
5,352,211
5,352,213
5,352,248
5,352,256
5,352,275
5,352,352
5,352,538
5,353,58
5,353,143
5,353,298
5,353,417
5,353,469
5,353,530
5,353,540
5,354,1
5,354,23
5,354,100
5,354,113
5,354,150
5,354,420
5,354,427
5,354,464
5,354,532
5,355,46
5,355,52
5,355,115
5,355,416
5,355,433
5,355,467
5,356,11
5,356,41
5,356,267
5,356,322
5,356,361
5,356,389
5,357,47
5,357,48
5,357,130
5,357,144
5,357,163
5,357,220
5,357,237
5,357,285
5,357,317
5,357,444
5,357,499
5,358,15
5,358,145
5,358,242
5,358,411
5,358,474
5,358,486
5,359,16
5,359,109
5,359,131
5,359,157
5,359,319
5,359,330
5,359,581
5,360,230
5,360,360
5,360,443
5,361,74
5,361,250
5,361,539
5,362,19
5,362,126
5,362,173
5,363,63
5,363,180
5,363,273
5,363,401
5,363,445
5,363,502
5,364,526
5,364,538
5,364,540
5,365,38
5,365,50
5,365,67
5,365,425
5,365,551
5,366,91
5,366,101
5,366,425
5,367,8
5,367,48
5,367,203
5,367,357
5,367,386
5,367,403
5,367,481
5,367,529
5,368,371
5,369,1
5,369,90
5,369,157
5,369,205
5,369,331
5,369,499
5,369,539
5,369,569
5,370,60
5,370,131
5,370,151
5,370,270
5,370,281
5,370,482
5,370,510
5,370,585
5,371,176
5,371,257
5,371,269
5,371,275
5,371,348
5,371,477
5,372,35
5,372,96
5,372,135
5,372,359
5,372,360
5,372,445
5,372,499
5,372,550
5,373,361
5,374,161
5,374,308
5,374,487
5,374,520
5,375,37
5,375,235
5,375,303
5,375,323
5,375,484
5,375,555
5,376,42
5,376,285
5,376,289
5,376,382
5,376,462
5,376,510
5,377,191
5,377,231
5,377,296
5,377,446
5,377,449
5,377,540
5,378,18
5,378,222
5,378,570
5,378,586
5,379,221
5,379,251
5,379,338
5,379,354
5,379,404
5,379,533
5,379,536
5,380,44
5,380,139
5,380,171
5,380,350
5,380,352
5,380,508
5,380,536
5,380,560
5,381,36
5,382,27
5,382,312
5,382,363
5,382,423
5,383,57
5,383,202
5,383,214
5,383,360
5,383,443
5,384,23
5,384,100
5,384,149
5,384,167
5,384,242
5,384,416
5,384,598
5,385,36
5,385,165
5,385,167
5,385,228
5,385,337
5,385,351
5,385,402
5,385,462
5,385,500
5,385,550
5,386,107
5,386,191
5,386,229
5,386,281
5,386,421
5,386,497
5,387,74
5,387,163
5,387,184
5,387,207
5,387,392
5,388,70
5,388,72
5,388,83
5,388,132
5,388,216
5,388,256
5,388,413
5,389,157
5,389,163
5,389,270
5,389,310
5,389,378
5,389,406
5,389,452
5,389,549
5,390,34
5,390,94
5,390,125
5,390,198
5,390,218
5,390,237
5,390,290
5,390,384
5,390,403
5,390,571
5,391,50
5,391,77
5,391,96
5,391,177
5,391,397
5,392,73
5,392,77
5,392,184
5,392,189
5,392,195
5,392,307
5,392,414
5,392,580
5,393,11
5,393,64
5,393,123
5,393,136
5,393,355
5,393,366
5,393,423
5,393,587
5,393,591
5,394,81
5,394,123
5,394,153
5,394,231
5,394,357
5,394,486
5,395,58
5,395,129
5,395,248
5,395,303
5,395,506
5,395,534
5,396,154
5,396,231
5,396,313
5,396,411
5,396,426
5,396,546
5,397,166
5,397,296
5,397,436
5,397,496
5,398,124
5,398,197
5,398,305
5,398,359
5,398,375
5,398,484
5,398,544
5,398,547
5,398,573
5,399,346
5,399,418
5,399,454
5,399,527
5,400,406
5,400,557
5,401,0
5,401,39
5,401,59
5,401,137
5,401,229
5,401,237
5,401,275
5,401,338
5,401,367
5,401,408
5,401,489
5,402,29
5,402,37
5,402,66
5,402,188
5,402,297
5,402,433
5,402,448
5,402,511
5,402,598
5,403,14
5,403,146
5,403,325
5,403,349
5,403,406
5,403,482
5,404,159
5,404,178
5,404,309
5,404,332
5,404,343
5,404,477
5,404,522
5,405,80
5,405,335
5,405,551
5,406,24
5,406,50
5,406,178
5,406,210
5,406,340
5,406,412
5,406,464
5,406,573
5,407,24
5,407,44
5,407,51
5,407,72
5,407,369
5,407,488
5,408,149
5,408,277
5,408,434
5,409,177
5,409,543
5,410,67
5,410,131
5,410,174
5,410,325
5,410,378
5,410,518
5,411,19
5,411,22
5,411,24
5,411,535
5,412,3
5,412,264
5,413,65
5,413,166
5,413,196
5,413,239
5,413,270
5,413,342
5,413,494
5,414,1
5,414,125
5,414,187
5,414,247
5,414,316
5,414,318
5,414,354
5,414,485
5,414,562
5,414,569
5,415,82
5,415,130
5,415,150
5,415,198
5,415,264
5,415,452
5,415,521
5,416,0
5,416,9
5,416,79
5,416,232
5,416,541
5,416,586
5,417,131
5,417,197
5,417,207
5,417,213
5,417,565
5,418,253
5,418,388
5,418,457
5,418,469
5,419,59
5,419,105
5,419,113
5,419,121
5,419,143
5,419,189
5,419,583
5,419,587
5,420,94
5,420,144
5,420,162
5,420,407
5,420,442
5,420,477
5,420,506
5,421,90
5,421,213
5,421,238
5,421,244
5,421,452
5,421,493
5,422,33
5,422,150
5,422,177
5,422,229
5,422,322
5,422,369
5,422,399
5,422,427
5,422,434
5,422,506
5,423,59
5,423,186
5,423,207
5,423,231
5,423,284
5,423,409
5,423,465
5,424,71
5,424,102
5,424,140
5,424,190
5,424,509
5,424,516
5,424,541
5,424,553
5,425,81
5,425,94
5,425,246
5,425,333
5,425,412
5,425,529
5,426,10
5,426,64
5,426,182
5,426,226
5,426,448
5,426,501
5,426,537
5,427,2
5,427,17
5,427,18
5,427,100
5,427,262
5,427,392
5,427,569
5,428,109
5,428,117
5,428,188
5,428,200
5,428,251
5,428,363
5,428,368
5,428,449
5,428,524
5,428,550
5,429,94
5,429,117
5,429,170
5,429,289
5,429,338
5,429,445
5,429,511
5,430,93
5,430,126
5,430,159
5,430,231
5,430,361
5,430,382
5,430,538
5,430,584
5,431,86
5,431,179
5,431,245
5,431,309
5,431,345
5,431,413
5,431,449
5,431,579
5,431,595
5,432,22
5,432,36
5,432,261
5,433,35
5,433,150
5,433,416
5,433,434
5,433,456
5,433,504
5,433,532
5,433,546
5,433,586
5,434,77
5,434,182
5,434,393
5,434,450
5,434,524
5,435,229
5,435,247
5,435,346
5,435,553
5,436,5
5,436,66
5,436,149
5,436,512
5,436,515
5,436,554
5,437,3
5,437,117
5,437,144
5,437,205
5,437,209
5,437,413
5,437,434
5,437,451
5,437,475
5,437,530
5,437,583
5,438,2
5,438,558
5,438,559
5,439,63
5,439,179
5,439,196
5,439,293
5,439,302
5,439,388
5,439,451
5,439,512
5,439,527
5,440,15
5,440,176
5,440,253
5,440,288
5,440,384
5,440,425
5,440,427
5,440,527
5,441,189
5,441,198
5,441,318
5,441,376
5,441,387
5,441,458
5,442,316
5,442,375
5,442,378
5,442,437
5,442,477
5,443,72
5,443,107
5,443,120
5,443,186
5,443,198
5,443,199
5,443,208
5,443,233
5,443,264
5,443,268
5,443,337
5,443,352
5,443,411
5,443,519
5,443,591
5,444,27
5,444,198
5,445,172
5,445,253
5,445,329
5,445,369
5,445,394
5,445,426
5,445,508
5,446,2
5,446,269
5,446,282
5,446,349
5,446,517
5,447,20
5,447,203
5,447,243
5,447,372
5,447,378
5,447,559
5,447,586
5,448,47
5,448,92
5,448,111
5,448,151
5,448,190
5,448,561
5,448,582
5,449,181
5,449,316
5,449,340
5,449,455
5,449,464
5,449,525
5,449,530
5,449,593
5,450,56
5,450,130
5,450,253
5,450,381
5,450,397
5,450,470
5,450,549
5,450,551
5,451,176
5,451,352
5,451,462
5,451,576
5,452,18
5,452,23
5,452,71
5,452,82
5,452,120
5,452,174
5,452,217
5,452,241
5,452,446
5,452,538
5,452,546
5,453,165
5,453,175
5,453,215
5,454,123
5,454,167
5,454,183
5,454,561
5,455,6
5,455,230
5,455,253
5,455,325
5,455,372
5,455,595
5,456,326
5,456,334
5,457,152
5,457,153
5,457,268
5,457,388
5,457,495
5,457,537
5,458,151
5,458,334
5,458,491
5,459,206
5,459,311
5,459,483
5,459,583
5,459,586
5,460,22
5,460,95
5,460,503
5,460,525
5,460,572
5,461,236
5,461,288
5,461,434
5,461,460
5,461,545
5,462,65
5,462,92
5,462,93
5,462,196
5,462,218
5,462,237
5,462,314
5,462,339
5,462,468
5,462,475
5,463,108
5,463,120
5,463,207
5,463,280
5,464,100
5,464,142
5,464,143
5,464,167
5,464,319
5,464,398
5,464,403
5,464,442
5,464,520
5,464,555
5,465,0
5,465,89
5,465,98
5,465,100
5,465,272
5,465,400
5,465,555
5,466,104
5,466,184
5,466,192
5,466,245
5,466,261
5,466,321
5,466,414
5,466,463
5,466,498
5,467,74
5,467,123
5,467,372
5,467,444
5,468,62
5,468,535
5,469,291
5,469,306
5,469,535
5,470,190
5,470,207
5,470,376
5,470,414
5,470,436
5,470,497
5,470,557
5,471,215
5,471,530
5,472,542
5,472,557
5,472,563
5,473,59
5,473,117
5,473,155
5,473,207
5,473,291
5,473,314
5,473,328
5,473,367
5,473,369
5,473,378
5,473,560
5,474,134
5,474,148
5,474,269
5,474,417
5,474,448
5,474,552
5,475,86
5,475,96
5,475,220
5,475,432
5,475,545
5,476,27
5,476,36
5,476,112
5,476,419
5,476,420
5,476,551
5,477,26
5,477,88
5,477,232
5,477,266
5,477,553
5,477,568
5,478,104
5,478,161
5,478,259
5,478,446
5,478,566
5,479,157
5,479,219
5,479,293
5,479,391
5,479,403
5,480,80
5,480,106
5,480,134
5,480,197
5,480,451
5,480,535
5,480,548
5,480,563
5,480,596
5,481,8
5,481,44
5,481,101
5,481,108
5,481,360
5,481,466
5,481,573
5,482,129
5,482,201
5,482,307
5,482,445
5,482,456
5,483,45
5,483,63
5,483,171
5,483,225
5,483,240
5,483,400
5,483,498
5,484,59
5,484,80
5,484,393
5,484,444
5,484,579
5,485,96
5,485,434
5,485,465
5,485,516
5,485,566
5,486,136
5,486,248
5,487,253
5,487,282
5,487,341
5,487,347
5,487,391
5,487,502
5,488,43
5,488,61
5,488,89
5,488,197
5,488,204
5,488,493
5,488,549
5,489,10
5,489,219
5,489,337
5,489,341
5,489,342
5,489,379
5,489,583
5,489,590
5,490,329
5,490,395
5,490,520
5,490,561
5,490,598
5,491,115
5,491,158
5,491,161
5,491,164
5,491,516
5,491,564
5,492,29
5,492,51
5,492,151
5,492,171
5,492,445
5,492,453
5,493,13
5,493,125
5,493,157
5,493,320
5,493,462
5,493,533
5,493,594
5,494,67
5,494,241
5,494,294
5,494,312
5,494,563
5,495,221
5,495,241
5,495,292
5,495,298
5,495,325
5,495,334
5,495,356
5,495,531
5,496,41
5,496,183
5,496,207
5,496,246
5,496,355
5,496,469
5,496,500
5,497,211
5,497,217
5,497,235
5,497,504
5,497,512
5,498,243
5,498,342
5,498,479
5,498,550
5,499,105
5,499,202
5,499,268
5,499,301
5,499,310
5,499,325
5,499,476
5,499,508
5,500,200
5,500,261
5,500,287
5,500,314
5,500,335
5,500,367
5,500,470
5,500,472
5,501,39
5,501,135
5,501,165
5,501,449
5,501,453
5,501,468
5,501,536
5,501,562
5,502,102
5,502,206
5,502,272
5,502,280
5,502,336
5,502,364
5,502,453
5,502,533
5,503,1
5,503,62
5,503,78
5,503,326
5,503,446
5,503,469
5,503,485
5,503,539
5,504,24
5,505,4
5,505,290
5,505,424
5,505,454
5,505,486
5,505,551
5,505,553
5,506,10
5,506,104
5,506,183
5,506,271
5,506,290
5,506,346
5,506,359
5,506,386
5,507,97
5,507,180
5,507,296
5,507,308
5,507,323
5,507,449
5,507,463
5,508,161
5,508,334
5,508,341
5,508,390
5,508,449
5,508,464
5,508,486
5,509,64
5,509,129
5,509,195
5,509,290
5,509,380
5,509,416
5,509,475
5,509,491
5,509,557
5,509,592
5,510,207
5,510,537
5,511,70
5,511,117
5,511,182
5,511,300
5,511,364
5,511,447
5,511,500
5,512,74
5,512,125
5,512,272
5,512,305
5,512,325
5,512,490
5,512,517
5,513,4
5,513,20
5,513,179
5,513,287
5,513,343
5,513,369
5,513,589
5,514,54
5,514,112
5,514,427
5,514,545
5,515,114
5,515,186
5,515,290
5,515,337
5,515,428
5,515,462
5,515,542
5,516,53
5,516,114
5,516,146
5,516,205
5,516,305
5,516,472
5,517,142
5,517,227
5,517,280
5,517,421
5,517,537
5,518,29
5,518,82
5,518,119
5,518,138
5,518,313
5,518,323
5,518,374
5,518,387
5,518,594
5,519,45
5,519,66
5,519,97
5,519,361
5,519,508
5,519,533
5,519,549
5,520,53
5,520,108
5,520,200
5,520,322
5,520,482
5,521,147
5,521,197
5,521,295
5,521,464
5,521,520
5,522,135
5,522,298
5,522,550
5,522,580
5,522,581
5,523,46
5,523,71
5,523,78
5,523,83
5,523,207
5,523,260
5,523,455
5,523,479
5,523,572
5,523,584
5,524,22
5,524,122
5,524,180
5,524,350
5,524,360
5,524,439
5,525,233
5,525,525
5,526,44
5,526,350
5,526,555
5,527,50
5,527,287
5,527,309
5,527,310
5,527,373
5,527,407
5,527,416
5,527,518
5,528,28
5,528,277
5,528,285
5,528,364
5,528,371
5,528,392
5,528,408
5,528,455
5,528,528
5,529,33
5,529,77
5,529,120
5,529,492
5,530,39
5,530,459
5,530,567
5,531,33
5,531,225
5,531,436
5,532,142
5,532,158
5,532,347
5,532,448
5,532,564
5,533,201
5,533,250
5,533,413
5,533,434
5,533,451
5,533,465
5,533,500
5,534,141
5,534,159
5,534,401
5,534,487
5,535,35
5,535,54
5,535,150
5,535,166
5,535,321
5,535,436
5,535,457
5,535,542
5,535,552
5,535,571
5,536,57
5,536,177
5,536,183
5,536,193
5,536,388
5,536,510
5,536,568
5,537,138
5,537,236
5,537,599
5,538,219
5,539,245
5,539,423
5,539,529
5,540,281
5,540,425
5,540,549
5,541,222
5,541,486
5,542,80
5,542,85
5,542,92
5,542,260
5,542,325
5,542,489
5,542,577
5,543,62
5,543,401
5,543,403
5,543,427
5,543,587
5,544,69
5,544,116
5,544,237
5,544,260
5,544,344
5,544,492
5,545,40
5,545,57
5,545,395
5,545,399
5,545,416
5,545,529
5,546,85
5,546,101
5,546,127
5,546,186
5,546,208
5,546,253
5,546,270
5,546,296
5,546,419
5,547,215
5,547,304
5,547,444
5,547,491
5,547,515
5,547,567
5,547,569
5,548,163
5,548,233
5,548,241
5,548,301
5,548,413
5,548,438
5,548,509
5,549,96
5,549,104
5,549,259
5,549,280
5,549,344
5,549,387
5,549,485
5,549,520
5,549,535
5,550,43
5,550,382
5,550,429
5,550,482
5,550,528
5,551,21
5,551,197
5,551,345
5,551,361
5,551,477
5,552,81
5,552,147
5,552,240
5,552,386
5,552,415
5,552,419
5,552,448
5,553,64
5,553,143
5,553,158
5,553,321
5,553,426
5,553,442
5,553,444
5,553,446
5,554,220
5,554,246
5,554,432
5,554,470
5,555,235
5,555,257
5,555,266
5,555,345
5,555,402
5,556,12
5,556,237
5,556,241
5,556,351
5,556,424
5,556,433
5,556,596
5,557,1
5,557,128
5,557,281
5,557,526
5,558,367
5,558,598
5,559,99
5,559,138
5,559,141
5,559,223
5,559,250
5,559,315
5,559,408
5,559,430
5,559,449
5,559,507
5,559,567
5,560,14
5,560,180
5,560,221
5,560,596
5,561,399
5,561,411
5,561,447
5,561,520
5,561,574
5,562,53
5,562,239
5,562,321
5,562,374
5,562,407
5,562,466
5,562,591
5,563,20
5,563,27
5,563,100
5,563,108
5,563,139
5,563,176
5,563,321
5,563,358
5,563,400
5,563,580
5,564,0
5,564,48
5,564,97
5,564,191
5,564,195
5,564,203
5,564,358
5,564,390
5,564,488
5,564,583
5,565,14
5,565,15
5,565,106
5,565,132
5,565,394
5,565,487
5,565,521
5,565,525
5,566,82
5,566,342
5,566,396
5,566,523
5,566,583
5,567,298
5,567,325
5,567,483
5,567,531
5,567,581
5,568,6
5,568,52
5,568,187
5,568,370
5,568,407
5,568,429
5,569,4
5,569,26
5,569,107
5,569,198
5,569,262
5,569,286
5,569,299
5,569,320
5,569,557
5,570,40
5,570,156
5,570,386
5,571,215
5,571,371
5,571,428
5,571,527
5,572,68
5,572,80
5,572,116
5,572,135
5,572,281
5,572,553
5,573,218
5,573,245
5,573,246
5,573,278
5,573,310
5,573,394
5,573,563
5,574,40
5,574,311
5,574,339
5,574,412
5,575,72
5,575,283
5,575,328
5,575,357
5,575,441
5,575,469
5,575,497
5,575,498
5,575,535
5,576,178
5,576,270
5,576,364
5,576,368
5,576,464
5,576,480
5,576,528
5,576,578
5,576,597
5,577,286
5,577,358
5,577,482
5,577,528
5,578,152
5,578,181
5,578,218
5,578,309
5,578,380
5,578,410
5,578,525
5,579,75
5,579,198
5,579,350
5,579,392
5,579,525
5,579,529
5,579,551
5,579,581
5,580,20
5,580,275
5,580,367
5,580,382
5,580,433
5,581,49
5,581,95
5,581,134
5,581,289
5,581,328
5,581,341
5,581,400
5,581,436
5,581,556
5,582,74
5,582,142
5,582,247
5,582,377
5,582,408
5,583,25
5,583,213
5,583,392
5,583,510
5,583,534
5,584,9
5,584,130
5,584,173
5,584,221
5,584,290
5,585,21
5,585,70
5,585,517
5,585,544
5,586,106
5,586,590
5,587,309
5,587,503
5,588,74
5,588,129
5,588,131
5,588,190
5,588,218
5,588,235
5,588,345
5,588,387
5,588,495
5,588,536
5,588,598
5,589,129
5,589,169
5,589,453
5,589,528
5,589,590
5,590,22
5,590,95
5,590,105
5,590,209
5,590,218
5,590,224
5,590,245
5,590,277
5,590,301
5,590,409
5,590,426
5,590,534
5,591,290
5,591,350
5,591,503
5,591,591
5,592,17
5,592,117
5,592,131
5,592,182
5,592,222
5,592,330
5,592,344
5,592,461
5,592,579
5,593,78
5,593,111
5,593,169
5,593,358
5,593,408
5,593,580
5,594,83
5,594,90
5,594,108
5,594,139
5,594,318
5,594,359
5,594,361
5,594,567
5,594,577
5,595,36
5,595,147
5,595,374
5,595,390
5,596,273
5,596,301
5,596,504
5,597,8
5,597,35
5,597,134
5,597,162
5,597,172
5,597,208
5,597,232
5,597,253
5,597,279
5,597,390
5,598,17
5,598,100
5,598,216
5,598,280
5,598,424
5,598,448
5,598,561
5,599,81
5,599,188
5,599,320
5,599,404
5,599,422
5,599,548
5,599,569
